{"name":"6ce7a94e-1bd9-4f82-a9cf-c7eb0a95bdfe","id":"/providers/Microsoft.Flow/flows/6ce7a94e-1bd9-4f82-a9cf-c7eb0a95bdfe","type":"Microsoft.Flow/flows","properties":{"apiId":"/providers/Microsoft.PowerApps/apis/shared_logicflows","displayName":"PBI Dataset DAX Query & Mail (No Secret)","definition":{"metadata":{"workflowEntityId":null,"processAdvisorMetadata":null,"flowclientsuspensionreason":"None","flowclientsuspensiontime":null,"creator":{"id":"9e4e0ff6-efea-4cd2-9721-53b8de6b2855","type":"User","tenantId":"4a86d5bb-4173-45ee-bfd5-a3b56ee2d3d5"},"provisioningMethod":"FromDefinition","failureAlertSubscription":true,"clientLastModifiedTime":"2021-11-20T11:03:47.6737947Z"},"$schema":"https://schema.management.azure.com/providers/Microsoft.Logic/schemas/2016-06-01/workflowdefinition.json#","contentVersion":"1.0.0.0","parameters":{"$connections":{"defaultValue":{},"type":"Object"},"$authentication":{"defaultValue":{},"type":"SecureObject"}},"triggers":{"Recurrence":{"recurrence":{"frequency":"Day","interval":1,"timeZone":"GMT Standard Time","schedule":{"hours":["9"]}},"metadata":{"operationMetadataId":"4180b1f6-31fc-44ef-b83f-205301b0e4c6"},"type":"Recurrence"}},"actions":{"Call_DAX_API":{"runAfter":{"Variable_-_DataSetId":["Succeeded"]},"metadata":{"operationMetadataId":"91b3224d-a2d8-46e0-a4fa-ffa317bba0d3"},"type":"Http","inputs":{"method":"POST","uri":"https://api.powerbi.com/v1.0/myorg/datasets/@{variables('DatasetId')}/executeQueries","body":{"queries":[{"query":"@variables('Query')","includeNulls":false}]},"authentication":{"type":"ActiveDirectoryOAuth","tenant":"[Tenant ID]","audience":"https://analysis.windows.net/powerbi/api","clientId":"[Service Principal ID]","secret":"[Service Principal Secret]"}}},"Parse_JSON":{"runAfter":{"Call_DAX_API":["Succeeded"]},"metadata":{"operationMetadataId":"0962438e-06fd-49ee-bd9b-f0caf116c4c5"},"type":"ParseJson","inputs":{"content":"@body('Call_DAX_API')","schema":{"type":"object","properties":{"results":{"type":"array","items":{"type":"object","properties":{"tables":{"type":"array","items":{"type":"object","properties":{"rows":{"type":"array"}},"required":["rows"]}}},"required":["tables"]}}}}}},"Send_Email":{"foreach":"@body('Parse_JSON')?['results']","actions":{"Apply_to_each_2":{"foreach":"@items('Send_Email')['tables']","actions":{"Create_CSV_table":{"runAfter":{},"metadata":{"operationMetadataId":"d1f4337d-72b0-4650-abe7-c583c582596f"},"type":"Table","inputs":{"from":"@items('Apply_to_each_2')?['rows']","format":"CSV"}},"Send_an_email_(V2)":{"runAfter":{"Create_HTML_table":["Succeeded"]},"metadata":{"operationMetadataId":"385001d0-c9cb-46ff-9964-8c3a05daee71"},"type":"OpenApiConnection","inputs":{"host":{"apiId":"/providers/Microsoft.PowerApps/apis/shared_office365","connectionName":"shared_office365","operationId":"SendEmailV2"},"parameters":{"emailMessage/To":"rromano@rrmsft.onmicrosoft.com","emailMessage/Subject":"Underperforming Employees - @{utcNow()}","emailMessage/Body":"<p>Underperforming Employees:<br>\n<br>\n@{body('Create_HTML_table')}</p>","emailMessage/Attachments":[{"Name":"Employees.csv","ContentBytes":"@body('Create_CSV_table')"}]},"authentication":"@parameters('$authentication')"}},"Create_HTML_table":{"runAfter":{"Create_CSV_table":["Succeeded"]},"metadata":{"operationMetadataId":"7af7bf6b-ba8a-4cab-b275-e132e7fbd3e8"},"type":"Table","inputs":{"from":"@items('Apply_to_each_2')?['rows']","format":"HTML"}}},"runAfter":{},"metadata":{"operationMetadataId":"bdef6a4e-d69b-4541-8713-ff4178afbcc5"},"type":"Foreach"}},"runAfter":{"Parse_JSON":["Succeeded"]},"metadata":{"operationMetadataId":"79928afc-5edf-49fc-bc90-375d6ac484c1"},"type":"Foreach"},"Variable_-_DAX_Query":{"runAfter":{},"metadata":{"operationMetadataId":"4014671d-6be1-447f-881a-55e767bf0236"},"type":"InitializeVariable","inputs":{"variables":[{"name":"Query","type":"string","value":"EVALUATE VAR p_currentDate = DATE(2016,1,22) return FILTER(SUMMARIZECOLUMNS('Employee'[Employee], TREATAS({p_currentDate}, 'Calendar'[Date]), \"Sales Amount\", [Sales Amount], \"Sales Qty\", [Sales Qty], \"Sales Profit\", [Sales Profit], \"Sales Amount vs LY\", [% Sales Amount vs ly])\t\t, [Sales Amount vs LY] < 0)"}]}},"Variable_-_DataSetId":{"runAfter":{"Variable_-_DAX_Query":["Succeeded"]},"metadata":{"operationMetadataId":"84b454aa-7a20-4bac-805f-a4aa39b42ae3"},"type":"InitializeVariable","inputs":{"variables":[{"name":"DatasetId","type":"string","value":"[YOUR DATASET ID]"}]}}}},"connectionReferences":{"shared_office365":{"connectionName":"30d71cfe6172422fb1e0a5c8b81237bb","source":"Embedded","id":"/providers/Microsoft.PowerApps/apis/shared_office365","tier":"NotSpecified"}},"flowFailureAlertSubscribed":false}}